Place_Id,Place_Name,Description,Category,City,Price,Rating,Time_Minutes,Coordinate,Lat,Long,City_1,Harga,Weather,Worthit;
"1,Monumen Nasional,""Monumen Nasional atau yang populer disingkat dengan Monas atau Tugu Monas adalah monumen peringatan setinggi 132 meter (433 kaki) yang didirikan untuk mengenang perlawanan dan perjuangan rakyat Indonesia untuk merebut kemerdekaan dari pemerintahan kolonial Hindia Belanda. Pembangunan monumen ini dimulai pada tanggal 17 Agustus 1961 di bawah perintah presiden Soekarno dan dibuka untuk umum pada tanggal 12 Juli 1975. Tugu ini dimahkotai lidah api yang dilapisi lembaran emas yang melambangkan semangat perjuangan yang menyala-nyala. Monumen Nasional terletak tepat di tengah Lapangan Medan Merdeka, Jakarta Pusat."",Budaya,Jakarta,20000,46,15,""{'lat': -6.1753924, 'lng': 106.8271528}"",-61753924,1068271528,Jakarta Pusat,0,Sunny,0";
"2,Kota Tua,""Kota tua di Jakarta, yang juga bernama Kota Tua, berpusat di Alun-Alun Fatahillah, yaitu alun-alun yang ramai dengan pertunjukan rutin tarian tradisional. Museum Sejarah Jakarta adalah bangunan era Belanda dengan lukisan dan barang antik, sedangkan Museum Wayang memamerkan boneka kayu khas Jawa. Desa Glodok, atau Chinatown, terkenal dengan makanan kaki lima, seperti pangsit dan mi goreng. Di dekatnya, terdapat sekunar dan kapal penangkap ikan di pelabuhan Sunda Kelapa yang kuno"",Budaya,Jakarta,0,46,90,""{'lat': -6.137644799999999, 'lng': 106.8171245}"",-61376448,1068171245,Jakarta Barat,0,Sunny,0";
"3,Dunia Fantasi,""Dunia Fantasi atau disebut juga Dufan adalah tempat hiburan yang terletak di kawasan Taman Impian Jaya Ancol, Jakarta Utara, Indonesia. Dufan diresmikan dan dibuka pada tanggal 29 Agustus 1985."",Taman Hiburan,Jakarta,270000,46,360,""{'lat': -6.125312399999999, 'lng': 106.8335377}"",-61253124,1068335377,Jakarta Utara,1,Sunny,0";
"4,Taman Mini Indonesia Indah (TMII),""Taman Mini Indonesia Indah merupakan suatu kawasan taman wisata bertema budaya Indonesia di Jakarta Timur. Area seluas kurang lebih 150 hektare atau 1,5 kilometer persegi ini terletak pada koordinat 6°18′6.8″LS,106°53′47.2″BT"",Taman Hiburan,Jakarta,10000,45,,""{'lat': -6.302445899999999, 'lng': 106.8951559}"",-63024459,1068951559,Jakarta Timur,0,Sunny,0";
"5,Atlantis Water Adventure,""Atlantis Water Adventure atau dikenal dengan Atlantis Ancol akan menyuguhkan petualangan wisata air tak terlupakan. Tempat Wisata bertemakan permainan air dengan luas 5 hektar ini memberi sensasi petualangan di 8 kolam utama. Yaitu kolam Antila, Plaza Atlas, Poseidon, Aquarius, Octopus, Kiddy Pool, dan Atlantean. Berlokasi di kawasan Ancol Jakarta Baycity, Atlantis bisa menjadi pilihan destinasi yang pas untuk wisata berenang."",Taman Hiburan,Jakarta,94000,45,60,""{'lat': -6.12419, 'lng': 106.839134}"",-612419,106839134,Jakarta Utara,1,Sunny,0";
"6,Taman Impian Jaya Ancol,Taman Impian Jaya Ancol merupakan sebuah objek wisata di Jakarta Utara.\n\n,Taman Hiburan,Jakarta,25000,45,10,""{'lat': -6.117333200000001, 'lng': 106.8579951}"",-61173332,1068579951,Jakarta Utara,0,Sunny,0";
"7,Kebun Binatang Ragunan,""Kebun Binatang Ragunan adalah sebuah kebun binatang yang terletak di daerah Ragunan, Pasar Minggu, Jakarta Selatan, Indonesia. Kebun binatang seluas 140 hektare ini didirikan pada tahun 1864. Di dalamnya terdapat berbagai koleksi yang terdiri dari 295 spesies dan 4040 spesimen.\nRagunan sempat ditutup selama sekitar tiga minggu sejak 19 September 2005 karena hewan-hewan di dalamnya ada yang terinfeksi flu burung, tetapi dibuka kembali pada 11 Oktober 2005.Kebun binatang ini memiliki banyak spesies hewan yang langka antara lain kakatua, orangutan, gorila, anoa dan gajah"",Cagar Alam,Jakarta,4000,45,,""{'lat': -6.3124593, 'lng': 106.8201865}"",-63124593,1068201865,Jakarta Selatan,0,Sunny,0";
"8,Ocean Ecopark,""Ocean Ecopark Salah satu zona rekreasi Ancol yang menawarkan ruang terbuka hijau serta pengalaman dan tidak melupakan sisi pendidikan bagi para pengunjung. Beragam aktivitas dan wahana seru yang bisa dimainkan di tempat rekreasi keluarga, beberapa diantaranya : Outbondholic, Rumah Energy, Rumah Lebah, Kano, Paintball, Outbondholic, Eco-Market, Learning Farm, Eco-Bike, Faunaland. Kalau berencana berwisata ke Ocean Eco Park ancol tidak perlu khawatir dengan harga tiket masuknya. Karena harga tiket masuk Ocean Eco Park ditawarkan dengan harga yang masih terjangkau."",Taman Hiburan,Jakarta,180000,4,,{'lat': -6.125801699999999, 'lng': 106.8363249}"",-61258017,1068363249,Jakarta Utara,1,Sunny,1";
"9,Pelabuhan Marina,""Pelabuhan Marina Ancol berada di kawasan Taman Impian Jaya Ancol, Jakarta. Pelabuhan yang biasa disebut Dermaga Marina Ancol ini adalah kawasan yang tidak hanya untuk keperluan penyeberangan saja, tetapi juga dikembangkan untuk banyak hal, seperti wisata air, olahraga air maupun wahana bermain. Fungsi utama dari pelabuhan ini adalah untuk melayani para penumpang yang ingin menyeberang menuju ke kepulauan Seribu, begitu juga sebaliknya. Banyak orang yang berada di Jakarta dan sekitarnya, menjadikan kepulaun Seribu sebagai tujuan wisata yang utama. Liburan di Pulau Seribu memang mampu menghilangkan kepenatan bekerja di kota metropolitan, sembari menikmati keindahan pantai yang masih terjaga dengan baik. Marina Ancol berada di Jakarta Utara atau secara lengkap beralamat di Kota Tua, Ancol, Pademangan, Kota Jakarta. Sangat mudah menuju ke tempat ini karena tidak terlalu jauh dari pusat kota. Selain itu, ada banyak transportasi umum yang menuju ke tempat ini atau bisa juga menggunakan jasa transportasi online."",Bahari,Jakarta,175000,44,,""{'lat': 1.07888, 'lng': 103.931398}"",107888,103931398,Jakarta Utara,1,Sunny,0";
"10,Pulau Tidung,""Pulau Tidung adalah salah satu kelurahan di kecamatan Kepulauan Seribu Selatan, Kabupaten Kepulauan Seribu, Jakarta, Indonesia."",Bahari,Jakarta,150000,45,,""{'lat': -5.803205300000001, 'lng': 106.5237907}"",-58032053,1065237907,Kepulauan Seribu,1,Sunny,0";
"11,Pulau Bidadari,""Pulau Bidadari merupakan salah satu resor di Kabupaten Kepulauan Seribu, Jakarta. Sebelum bernama Pulau Bidadari, pulau ini memiliki dua nama yaitu Pulau Sakit dan Pulau Purmerend"",Bahari,Jakarta,5000,46,,""{'lat': -6.035832999999999, 'lng': 106.746944}"",-6035833,106746944,Kepulauan Seribu,0,Sunny,0";
"12,Pulau Pari,""Pulau Pari adalah sebuah pulau yang terletak di Kepulauan Seribu di Daerah Khusus Ibukota Jakarta, Indonesia."",Bahari,Jakarta,150000,4,,{'lat': -5.9074328, 'lng': 106.5863989}"",-59074328,1065863989,Kepulauan Seribu,1,Sunny,1";
"13,Pulau Pramuka,Pulau Pramuka merupakan salah satu pulau yang berada dalam gugusan Kepulauan Seribu. Pulau ini merupakan pusat administrasi dan pemerintahan Kabupaten Administrasi Kepulauan Seribu. Pulau Pramuka termasuk ke dalam wilayah Kelurahan Pulau Panggang.,Bahari,Jakarta,5000,42,,""{'lat': -5.745962, 'lng': 106.6136577}"",-5745962,1066136577,Kepulauan Seribu,0,Sunny,1";
"14,Pulau Pelangi,""Pulau Pelangi adalah sebuah pulau yang terletak di Kepulauan Seribu di Daerah Khusus Ibukota Jakarta, Indonesia. Pulau Pelangi adalah sebuah pulau yang terletak di Kepulauan Seribu di Daerah Khusus Ibukota Jakarta, Indonesia, Pulau Pelangi / biasa disebut Pulau Petondan Besar ( Pelangi Island ) merupakan pulau resort yang sesuai untuk berlibur. Pulau Resort ini mempunyai konsep natural, karena sebagian wilayahnya di penuhi dengan rerimbunan pohon yang menyejukan mata, Keindahan alam dan lautnya layak untuk dikunjungi. Dikelilingi oleh rimbunan pohon dan laut berwarana biru jernih membuat suasanan sejuk dan nyaman. Kondisi yang ideal untuk wisata bersama keluarga. Dengan akomodasi yang langsung menghadap ke laut membuat turis betah berlama-lama di Pulau Pelangi.\nMenurut informasi, Pulau Pelangi atau Pulau Petondan Besar merupakan pulau yang berada pada gugusan Kepulauan Seribu. Secara administratif termasuk dalam wilayah Kabupaten Administratif Kepulauan Seribu provinsi DKI Jakarta. Bersamaan dengan Pulau Petondan Kecil merupakan sebuah resort berlibur. Letaknya berdekatan dengan gugusan yang sama dengan Pulau Kelor dan Pulau Kelapa.\nUntuk mencapai Pelangi Resort dibutuhkan waktu 90 menit perjalanan dari dermaga Pantai Mutiara. Terdapat kapal speedboat khusus di pier R1 Pantai Mutiara yang membawa penumpang kesana. Letaknya 60 – 70 km dari Pantai Mutiara memang lumayan jauh. Namun perjalanan anda terbayar lunas begitu sampai di Pulau Pelangi.";
",Bahari,Jakarta,900000,48,,{'lat': -5.587055, 'lng': 106.5885}"",-5587055,1065885,Kepulauan Seribu,1,Sunny,0";
"15,Pasar Seni,""Pasar Seni merupakan Pusat kerajinan dan kesenian yang menjadi wadah bagi seniman berbakat untuk menyalurkan kerajinan seni yang mereka miliki. Seniman dapat bertemu dengan para kolektor seni dan pengusaha untuk saling berbagi informasi dan memasarkan produk yang dimiliki. Didirikan awal tahun 1977, dengan peletakan batu pertama oleh Bang Ali Sadikin, Gubernur pertama DKI Jakarta, tepatnya pada bulan Juli 1977. Dan diresmikan oleh Gubernur H. Tjokropanolo pada tanggal 17 Desember 1977. Sejak diresmikan Pasar Seni, mendapat sambutan positif bagi pada pecinta seni yang ada."",Pusat Perbelanjaan,Jakarta,0,44,90,""{'lat': -6.1766868, 'lng': 106.8417666}"",-61766868,1068417666,Jakarta Pusat,0,Sunny,0";
"16,Jembatan Kota Intan,""Jembatan Kota Intan adalah jembatan tertua di Indonesia yang dibangun pada tahun 1628 oleh pemerintah Vereenigde Oostindische Compagnie atau VOC, atau masyarakat kita lebih familiar dengan sebutan Kumpeni. Jembatan itu kini terletak di Kali Besar kawasan Kota Tua wilayah Jakarta Barat dan berada di bawah pengelolaan Dinas Pariwisata dan Kebudayaan Provinsi DKI Jakarta."",Budaya,Jakarta,0,43,,""{'lat': -6.1314572, 'lng': 106.8106169}"",-61314572,1068106169,Jakarta Barat,0,Sunny,0";
"17,Museum Fatahillah,""Museum Fatahillah memiliki nama resmi Museum Sejarah Jakarta adalah sebuah museum yang terletak di Jalan Taman Fatahillah No. 1, Jakarta Barat dengan luas lebih dari 1.300 meter persegi.\nBangunan ini dahulu merupakan balai kota Batavia (bahasa Belanda: Stadhuis van Batavia) yang dibangun pada tahun 1707-1710 atas perintah Gubernur-Jendral Joan van Hoorn. Bangunan ini menyerupai Istana Dam di Amsterdam, terdiri atas bangunan utama dengan dua sayap di bagian timur dan barat serta bangunan sanding yang digunakan sebagai kantor, ruang pengadilan, dan ruang-ruang bawah tanah yang dipakai sebagai penjara. Pada tanggal 30 Maret 1974, bangunan ini kemudian diresmikan oleh bapak Ali Sadikin sebagai Museum Sejarah Jakarta."",Budaya,Jakarta,5000,44,,""{'lat': -6.136448899999999, 'lng': 106.8130661}"",-61364489,1068130661,Jakarta Barat,0,Sunny,0";
"18,Museum Bank Indonesia,""Museum Bank Indonesia adalah sebuah museum di Jakarta, Indonesia yang terletak di Jl. Pintu Besar Utara No.3, Jakarta Barat (depan stasiun Beos Kota), dengan menempati area bekas gedung Bank Indonesia Kota yang merupakan cagar budaya peninggalan De Javasche Bank yang beraliran neo-klasikal, dipadu dengan pengaruh lokal, dan dibangun pertama kali pada tahun 1828.\nPada tahun 1625, di tempat ini pernah dibangun sebuah gereja sederhana untuk umat Protestan. Pada tahun 1628, gereja ini dibongkar karena digunakan untuk tempat meriam besar ketika puluhan ribu tentara Sultan Agung menyerang Batavia untuk pertama kali.Museum ini menyajikan informasi peran Bank Indonesia dalam perjalanan sejarah bangsa yang dimulai sejak sebelum kedatangan bangsa barat di Nusantara hingga terbentuknya Bank Indonesia pada tahun 1953 dan kebijakan-kebijakan Bank Indonesia, meliputi pula latar belakang dan dampak kebijakan Bank Indonesia bagi masyarakat sampai dengan tahun 2005. Penyajiannya dikemas sedemikian rupa dengan memanfaatkan teknologi modern dan multi media, seperti display elektronik, panel statik, televisi plasma, dan diorama sehingga menciptakan kenyamanan pengunjung dalam menikmati Museum Bank Indonesia. Selain itu terdapat pula fakta dan koleksi benda bersejarah pada masa sebelum terbentuknya Bank Indonesia, seperti pada masa kerajaan-kerajaan Nusantara, antara lain berupa koleksi uang numismatik yang ditampilkan juga secara menarik.\nPeresmian Museum Bank Indonesia dilakukan melalui dua tahap, yaitu peresmian tahap I dan mulai dibuka untuk masyarakat (soft opening) pada tanggal 15 Desember 2006 oleh Gubernur Bank Indonesia saat itu, Burhanuddin Abdullah, dan peresmian tahap II (grand opening) oleh Presiden RI Susilo Bambang Yudhoyono, pada tanggal 21 Juli 2009.\nMuseum Bank Indonesia buka setiap hari kecuali Senin dan hari libur nasional."",Budaya,Jakarta,2000,47,,""{'lat': -6.137127, 'lng': 106.813005}"",-6137127,106813005,Jakarta Barat,0,Sunny,0";
"19,Kidzania,""KidZania adalah sebuah waralaba swasta Meksiko berupa pusat hiburan keluarga yang saat ini beroperasi di 23 lokasi, yang memungkinkan anak-anak melakukan pekerjaan orang dewasa dan mendapat bayaran. KidZania telah dikunjungi oleh lebih dari 31 juta pengunjung di seluruh dunia sejak pembukaannya, menjadikannya salah satu merek hiburan global yang paling cepat berkembang di dunia."",Taman Hiburan,Jakarta,185000,46,300,""{'lat': -6.225073499999999, 'lng': 106.8097144}"",-62250735,1068097144,Jakarta Selatan,1,Rain,0";
"20,Museum Taman Prasasti,""Museum Taman Prasasti adalah sebuah museum cagar budaya peninggalan masa kolonial Belanda yang berada di Jalan Tanah Abang No. 1, Jakarta Pusat. Museum ini memiliki koleksi prasasti nisan kuno serta miniatur makam khas dari 27 provinsi di Indonesia, beserta koleksi kereta jenazah antik. Museum seluas 1,2 ha ini merupakan museum terbuka yang menampilkan karya seni dari masa lampau tentang kecanggihan para pematung, pemahat, kaligrafer dan sastrawan yang menyatu."",Budaya,Jakarta,2000,45,90,{'lat': -6.172224099999998, 'lng': 106.8189695}"",-61722241,1068189695,Jakarta Pusat,0,Rain,0";
"21,Museum Wayang,""Museum Wayang adalah sebuah museum yang berlokasi di Jalan Pintu Besar Utara Nomor 27, Jakarta Barat."",Budaya,Jakarta,5000,45,150,""{'lat': -6.1349072, 'lng': 106.8124452}"",-61349072,1068124452,Jakarta Barat,0,Rain,0";
"22,Masjid Istiqlal,""Masjid Istiqlal (arti harfiah: Masjid Merdeka) adalah masjid nasional negara Republik Indonesia yang terletak di bekas Taman Wilhelmina, di Timur Laut Lapangan Medan Merdeka yang di tengahnya berdiri Monumen Nasional (Monas), di pusat ibukota Jakarta. Masjid ini merupakan salah satu dari 10 masjid terbesar kapasitasnya di dunia yang dapat menampung lebih dari 200.000 jamaah. Di seberang Timur masjid ini berdiri Gereja Katedral Jakarta. Ketua Harian Badan Pengelola Masjid Istiqlal (BPMI) sekaligus Imam Besar Masjid Istiqlal adalah Prof. Dr. Nasaruddin Umar, M.A. Pembangunan masjid ini diprakarsai oleh Presiden Republik Indonesia saat itu, Ir. Soekarno. Peletakan batu pertama sebagai tanda dimulainya pembangunan Masjid Istiqlal dilakukan oleh Ir. Soekarno pada tanggal 24 Agustus 1961. Arsitek Masjid Istiqlal adalah Frederich Silaban, seorang Nasrani.Masjid ini memiliki gaya arsitektur modern dengan dinding dan lantai berlapis marmer, dihiasi ornamen geometrik dari baja antikarat. Bangunan utama masjid ini terdiri dari lima lantai dan satu lantai dasar. Bangunan utama itu dimahkotai satu kubah besar berdiameter 45 meter yang ditopang 12 tiang besar. Menara tunggal setinggi total 96,66 meter menjulang di sudut Selatan selasar masjid. Masjid ini mampu menampung lebih dari 200.000 jamaah.Selain digunakan sebagai aktivitas ibadah umat Islam, masjid ini juga digunakan sebagai kantor berbagai organisasi Islam di Indonesia, aktivitas sosial, dan kegiatan umum. Masjid ini juga menjadi salah satu daya tarik wisata yang terkenal di Jakarta. Kebanyakan wisatawan yang berkunjung umumnya wisatawan domestik di samping sebagian wisatawan asing yang beragama Islam. Masyarakat non-Muslim juga dapat berkunjung ke masjid ini setelah sebelumnya mendapat pembekalan informasi mengenai Islam dan Masjid Istiqlal, meskipun bagian yang boleh dikunjungi kaum non-Muslim terbatas dan harus didampingi pemandu.\nPada tiap hari besar Islam seperti Ramadhan, Idul Fitri, Idul Adha, Tahun Baru Hijriyah, Maulid Nabi Muhammad serta Isra dan Mi'raj, Presiden Republik Indonesia selalu mengadakan kegiatan keagamaan di masjid ini yang disiarkan secara langsung melalui televisi nasional (TVRI) dan sebagian televisi swasta."",Tempat Ibadah,Jakarta,0,47,,""{'lat': -6.17017, 'lng': 106.83139}"",-617017,10683139,Jakarta Pusat,0,Sunny,0";
"23,Gereja Katedral,""Gereja Katedral Jakarta, atau bernama resmi Gereja Santa Maria Diangkat Ke Surga (bahasa Jerman: De Kerk van Onze Lieve Vrouwe ten Hemelopneming";" bahasa Inggris: The Church of Our Lady of the Assumption) adalah sebuah gereja di Jakarta. Gedung gereja ini diresmikan pada 1901 dan dibangun dengan arsitektur neo-gotik dari Eropa, yakni arsitektur yang sangat lazim digunakan untuk membangun gedung gereja beberapa abad yang lalu."",Tempat Ibadah,Jakarta,0,48,,""{'lat': -6.169225000000001, 'lng': 106.833063}"",-6169225,106833063,Jakarta Pusat,0,Sunny,0"
"24,Museum Nasional,""Museum Nasional Republik Indonesia atau Museum Gajah, adalah sebuah museum arkeologi, sejarah, etnografi, dan geografi yang terletak di Jakarta Pusat dan persisnya di Jalan Merdeka Barat 12. Museum ini merupakan museum pertama dan terbesar di Asia Tenggara."",Budaya,Jakarta,5000,46,,""{'lat': -6.176402099999999, 'lng': 106.8215901}"",-61764021,1068215901,Jakarta Pusat,0,Sunny,0";
"25,Pasar Tanah Abang,""Pasar Tanah Abang atau Pasar Sabtu dibangun oleh Yustinus Vinck pada 30 Agustus 1735. Yustinus Vinck mendirikan Pasar Tanah Abang Pasar atas izin dari Gubernur Jenderal Abraham Patramini. Izin yang diberikan saat itu untuk Pasar Tanah Abang adalah untuk berjualan tekstil serta barang kelontong dan hanya buka setiap hari Sabtu. Oleh karena itu, pasar ini disebut Pasar Sabtu. Pasar ini mampu menyaingi Pasar Senen (Welter Vreden) yang sudah lebih dulu maju.\nPada tahun 1740 terjadi Peristiwa Geger Pecinan, yaitu pembantaian orang-orang Tionghoa, perusakan harta benda, termasuk Pasar Tanah Abang diporakporandakan dan dibakar. Pada tahun 1881, Pasar Tanah Abang kembali dibangun dan yang tadinya dibuka pada hari Sabtu, ditambah hari Rabu, sehingga Pasar Tanah Abang dibuka 2 kali seminggu. Bangunan Pasar pada mulanya sangat sederhana,terdiri dari dinding bambu dan papan serta atap rumbia dari 229 papan dan 139 petak bambu. Pasar Tanah Abang terus mengalami perbaikan hingga akhir abad ke-19 dan bagian lantainya mulai dikeraskan dengan pondasi adukan. Pada tahun 1913, Pasar Tanah Abang kembali diperbaiki. Pada tahun 1926 pemerintah Batavia membongkar Pasar Tanah Abang dan diganti bangunan permanen berupa tiga los panjang dari tembok dan papan serta beratap genteng, dengan kantor pasarnya berada di atas bangunan pasar mirip kandang burung. Pelataran parkir di depan pasar menjadi tempat parkir kuda-kuda penarik delman dan gerobak. Di situ tersedia kobakan air yang cukup besar, dan di seberang jalan ada toko yang khusus menjual dedak makanan kuda. Beberapa puluh meter dari toko dedak ada sebuah gang yang dikenal sebagai Gang Madat, tempat lokalisasi para pemadat.\nPada zaman pendudukan Jepang, pasar ini hampir tidak berfungsi, dan menjadi tempat para gelandangan.\nPasar Tanah Abang semakin berkembang setelah dibangunnya Stasiun Tanah Abang. Di tempat tersebut mulai dibangun tempat-tempat seperti Masjid Al Makmur dan Klenteng Hok Tek Tjen Sien yang keduanya seusia dengan Pasar Tanah Abang. Pada tahun 1973, Pasar Tanah Abang diremajakan, diganti dengan 4 bangunan berlantai empat, dan sudah mengalami dua kali kebakaran, pertama tanggal 30 Desember 1978, Blok A di lantai tiga dan kedua menimpa Blok B tanggal 13 Agustus 1979. Pada tahun 1975 tercatat kiosnya ada 4.351 buah dengan 3.016 pedagang."",Pusat Perbelanjaan,Jakarta,0,4,45,""{'lat': -6.189009599999999, 'lng': 106.8119312}"",-61890096,1068119312,Jakarta Barat,0,Rain,1";
"26,Pecinan Glodok,""Kawasan Glodok yang dikenal sebagai pusat perdagangan elektronik sendiri dulunya merupakan bekas Penjara Glodok yang angker. Lokasi ini berada di seberang Glodok-Pancoran di kawasan Harco. Sebelum terjadi kerusuhan Mei 1998, kawasan ini sempat menjadi pusat belanja elektronik bagi wisatawan Jepang, Taiwan, dan Hongkong. Di Pinangsia, masyarakat bisa menemukan produk perlengkapan rumah tangga dan bangunan. Selain wisata belanja, pecinan Glodok-Pancoran juga merupakan situs sejarah awal mula Kota Jakarta. Setelah etnis Tionghoa bermukim dan membangun bisnis, serta perkebunan tebu, Batavia mulai berkembang pesat."",Pusat Perbelanjaan,Jakarta,0,43,20,""{'lat': -6.142758799999999, 'lng': 106.8140791}"",-61427588,1068140791,Jakarta Barat,0,Sunny,0";
"27,Sea World,""Seaworld Indonesia adalah sebuah miniatur pesona laut yang terdapat dalam kompleks wisata pertama di Taman Impian Jaya Ancol.\nPada tanggal 2 Oktober 1992, Gubernur DKI masa itu, Wiyogo Atmodarminto meletakkan batu pertama pembangunan Seaworld Indonesia. Tidak sampai dua tahun, pada tanggal 3 Juni 1994 SeaWorld Indonesia sudah mulai beroperasi. Area Seaworld seluas 3 hektare dengan luas bangunan utama 4.500 m2 berisi berbagai macam akuarium, lorong Antasena (lorong bawah air), perpustakaan, museum, terapi ikan dokter, glow theatre, komputer edukatif layar sentuh berisi informasi berbagai spesies di Seaworld dan bermacam fasilitas pelengkap untuk pengunjung seperti tempat makan, toko suvenir, dan ruang serba guna."",Taman Hiburan,Jakarta,115000,45,180,""{'lat': -6.126477500000001, 'lng': 106.842963}"",-61264775,106842963,Jakarta Utara,1,Rain,0";
"28,Wisata Agro Edukatif Istana Susu Cibugary,Kawasan Wisata Agro Edukatif Istana Susu “Cibugary” (Cibubur Garden Dairy ) merupakan suatu kawasan agro peternakan sapi perah bernuansa kebun dan taman. Wisata edukasi Cibubur Garden Dairy (CIBUGARY) merupakan salah wisata edukasi yang diminati siswa sekolah. Edukasi pengenalan peternakan sapi memberikan pengalaman yang tidak dapat dilupakan oleh siswa sekolah. Kegiatan edukasi yang tidak terlalu banyak dan menyenangkan ini sangat disukai siswa sekolah. Dengan berwisata edukasi ini dapat menambah ilmu dan pengalaman secara langsung bagi siswa sekolah. Paket wisata edukatif Istana Susu Cibugary dihargai antara Rp 35.000 sampai Rp 65.000 per orang. Harga tersebut sudah termasuk beberapa botol susu pasteurisasi dan goodybag cibugary.,Taman Hiburan,Jakarta,35000,45,,""{'lat': -6.3568093, 'lng': 106.9062371}"",-63568093,1069062371,Jakarta Timur,0,Sunny,0";
"29,Wisata Kuliner Pecenongan,""Pecenongan merupakan salah satu surga kuliner di Jakarta Pusat yang dikenal sejak zaman Jakarta masih bernama kota Batavia. Dulunya di kawasan ini terdapat pedagang kaki lima yang menjajakan kuliner di pinggir jalan, tetapi tahun demi tahun kawasan Pecenongan semakin ramai dengan adanya rumah makan-rumah makan yang mulai dibangun. Kawasan pecenongan ini cocok bagi kalian yang ingin berwisata kuliner dimalam hari, beragam jenis kuliner yang pastinya membuat kamu kebingungan ingin mencoba yang mana terlebih dahulu. Tak heran jika orang yang sudah pernah mencoba pergi kulineran ke sini pasti akan kembali lagi."",Pusat Perbelanjaan,Jakarta,0,5,,{'lat': -6.166788700000001, 'lng': 106.8265261}"",-61667887,1068265261,Jakarta Pusat,0,Sunny,0";
"30,Taman Menteng,""Taman Menteng adalah sebuah taman yang berlokasi di kawasan Menteng, Jakarta Pusat. Taman ini dulunya ditempati oleh Stadion Menteng.\nTaman ini berdiri di atas lahan seluas 2,9 hektar, dan memiliki koleksi 30 spesies tanaman yang berbeda. Taman Menteng juga memiliki beragam fasilitas pendukung seperti taman bermain untuk anak-anak serta lapangan futsal dan basket. Uniknya, di taman ini terdapat pula 44 sumur resapan untuk membantu penyerapan air hujan ke dalam tanah."",Taman Hiburan,Jakarta,0,45,,{'lat': -6.1964087, 'lng': 106.8293106}"",-61964087,1068293106,Jakarta Pusat,0,Sunny,0";
"31,Wisata Alam Mangrove Angke,""Jangan anggap di Jakarta tidak ada wisata alam. Langsung meluncur ke Jakarta Utara, tepatnya di Kamal Muara Penjaringan atau Pantai Indah Kapuk. Di daerah ini terdapat area wisata alam yaitu Taman Wisata Mangrove Jakarta yang sekarang dan beberapa tahun belakangan tengah hits. Di kawasan ini terdapat tiga area, satu berupa Suaka Margasatwa Muara Angke yang tertutup untuk umum, Hutan Mangrove milik Pemprov DKI tetapi kurang begitu menarik untuk wisata. Selanjutnya Taman Wisata Alam Mangrove Angke yang memang merupakan area wisata berbasis konservasi mangrove."",Cagar Alam,Jakarta,25000,43,,{'lat': -6.105334, 'lng': 106.735584}"",-6105334,106735584,Jakarta Utara,0,Sunny,0";
"32,Setu Babakan,""Setu Babakan atau Danau Babakan terletak di Srengseng Sawah, kecamatan Jagakarsa, Kotamadya Jakarta Selatan, Indonesia dekat Depok yang berfungsi sebagai pusat Perkampungan Budaya Betawi, suatu area yang diperuntukkan untuk pelestarian warisan budaya Jakarta, yaitu budaya asli Betawi.\nPerkampungan budaya Betawi ini didirikan pada tanggal 18 Agustus 2000 melalui Surat Keputusan Gubernur DKI Nomor 92 tahun 2000 yang dikeluarkan oleh Gubernur DKI Jakarta pada waktu itu yaitu Sutiyoso\nSitu Babakan merupakan danau buatan dengan area 30 hektare (79 akre) dengan kedalaman 1-5 meter dimana airnya berasal dari Sungai Ciliwung dan saat ini digunakan sebagai tempat wisata alternatif, bagi warga dan para pengunjung.\nTaman disekitarnya ditanami dengan beragam pohon buah-buahan yaitu Mangga, Palem, Melinjo, Rambutan, Jambu, Pandan, Kecapi, Jamblang, Krendang, Guni, Nangka Cimpedak, Nam-nam, dan Jengkol.\nBanyak kuliner khas Betawi terdapat disini, antara lain Kerak Telor, Toge Goreng, Arum Manis, Rujak Bebek, Soto Betawi, Es Potong, Es Duren, Bir Pletok, Nasi Uduk, Nasi Ulam, Lontong Sayur, dll.\nWisata budaya yang disajikan antara laim rumah-rumah khas Betawi yang dibagi menjadi 3 macam, pertama rumah Betawi gudang atau kandang, kedua rumah Betawi Kebaya atau Bapang, dan yang ketiga adalah rumah Joglo, hampir serupa dengan rumah khas Yogyakarta.\nKeseniannya berupa Lenong, Tari Topeng, Tanjidor, Marawis, Gambang Kromong, Tari Lenggang Nyai, dan Tari Narojeng.\nUpacara Adat yang ada di perkampungan Betawi Setu Babakan adalah Penganten Sunat, Pindah Rumah, Khatam Qur'an, dan Nujuh Bulan.\nMayoritas penduduk di Setu Babakan adalah Betawi, dengan program dari pemda DKI untuk memperbaiki sarana dan prasarana yang ada untuk mengakomodasi kebutuhan ruang terbuka hijau, serta area untuk resapan air, setu babakan berbenah diri dengan dukungan penuh dari pemda DKI\nFungsi dari Setu ini bukan hanya untuk tempat melestarikan kebudayaan betawi yang makin tergerus oleh zaman, tetapi digunakan juga sebagai tempat alternatif rekreasi yang berlokasi di selatan jakarta. selain fungsi utamanya sebagai penampung air resapan untuk selatan jakarta,"",Budaya,Jakarta,0,44,,""{'lat': -6.341666699999999, 'lng': 106.8238889}"",-63416667,1068238889,Jakarta Selatan,0,Sunny,0";
"33,Taman Suropati,""Taman Suropati (awalnya bernama Burgemeester Bisschopplein) adalah nama sebuah taman di Jakarta. Pada awalnya nama taman ini diambil dari nama wali kota Batavia pertama, G.J. Bisshop (1916–1920). Taman ini merupakan pusat kawasan Menteng, berada tepat di antara pertemuan tiga jalan utama, yaitu Menteng Boulevard (Jalan Teuku Umar), Orange Boulevard (Jalan Diponegoro), dan Nassau Boulevard (Jalan Imam Bonjol). Lapangan yang kini disebut sebagai Taman Suropati ini sejak tahun 1920 sudah menggantikan lapangan bundar yang luas dalam Rencana Moojen. Taman Suropati, yang disebut-sebut sebagai titik nol Republik Indonesia, menjadi taman yang rindang dan sejak beberapa tahun yang lalu dihiasi dengan patung-patung karya pematung dari negara-negara pendiri Perhimpunan Bangsa-Bangsa Asia Tenggara."",Taman Hiburan,Jakarta,0,46,,""{'lat': -6.1994034, 'lng': 106.8326228}"",-61994034,1068326228,Jakarta Pusat,0,Sunny,0";
"34,Pasar Taman Puring,""Taman Puring bukanlah taman secara harfiah. Sejak eksis di tahun 1960 silam, Taman Puring adalah sebuah pasar. Selama bertahun-tahun, pasar ini sempat menjadi pasar gelap alias pasar barang-barang ilegal. Antara tahun 1980-1990an, pasar ini makin dijauhi masyarakat karena menjadi sentra barang-barang hasil tindakan kriminal. Sejak terbakar pada 2002, Pasar Taman Puring perlahan berbenah diri hingga sekarang menjadi destinasi belanja akhir pekan favorit warga Jakarta. Ada ratusan kios sepatu pria mulai dari sepatu kulit, sepatu gunung, sepatu futsal, hingga sepatu gaul khas anak muda. Beragam merk mulai dari Adidas, Caterpillar, Nike, Karrimor, Vans, hingga Converse tersedia dalam berbagai model dan warna."",Pusat Perbelanjaan,Jakarta,0,44,60,""{'lat': -6.241368999999999, 'lng': 106.7890587}"",-6241369,1067890587,Jakarta Selatan,0,Sunny,0";
"35,Grand Indonesia Mall,""Grand Indonesia merupakan mal di Jakarta. Mal ini dibuka pada tahun 2007 oleh Presiden Susilo Bambang Yudhoyono. Pada tahun 2007, Hotel Indonesia mengalami pemugaran. Selanjutnya setelah dibuka kembali, hotel dikelola oleh grup Kempinski dan namanya diganti menjadi Hotel Indonesia-Kempinski."",Pusat Perbelanjaan,Jakarta,0,47,120,""{'lat': -6.195180099999999, 'lng': 106.8204412}"",-61951801,1068204412,Jakarta Pusat,0,Rain,0";
"36,Skyrink - Mall Taman Anggrek,Salah satu arena ice skating Jakarta adalah Ice Skating Taman Anggrek. Area ice skating di Taman Anggrek dibuat seluas 1.248 meter persegi. Ice Skating Termegah Di Indonesia adalaH di Taman Anggrek. Tidak hanya termegah di Indonesia tetapi juga termegah di Asia.Maka dari itu tidak mengherankan bahwa banyak sekali pengunjung yang datang.,Taman Hiburan,Jakarta,110000,45,180,""{'lat': -6.178996, 'lng': 106.791941}"",-6178996,106791941,Jakarta Barat,1,Rain,0";
"37,Bumi Perkemahan Cibubur,""Bumi Perkemahan dan Graha Wisata Pramuka Cibubur (Buperta Cibubur) adalah kawasan perkemahan yang terdapat di Cibubur, Ciracas, Jakarta Timur. Kawasan ini memiliki luas 210 hektar dan sudah berkali-kali menjadi lokasi pelaksanaan Jambore Nasional sejak tahun 1973. Buperta Cibubur dibangun di kawasan yang sebelumnya merupakan hutan karet. Pihak pengelola juga bekerja sama dengan TNI AD dan TNI AU dalam pengelolaan Buperta Cibubur.Buperta Cibubur dapat diakses dari Terminal Kampung Rambutan dengan angkutan umum jurusan Kranggan atau Mekarsari Jonggol."",Taman Hiburan,Jakarta,10000,45,,{'lat': -6.360248700000001, 'lng': 106.893842}"",-63602487,106893842,Jakarta Timur,0,Sunny,0";
"38,Istana Negara Republik Indonesia,""Istana Negara merupakan pusat kegiatan pemerintahan negara. Banyak kegiatan-kegiatan bersifat kenegaraan digelar di Istana Negara. Seperti kegiatan pelantikan pejabat-pejabat penting negara, maupun pembukaan kongres bersifat nasional dan internasional. Istana Negara fungsinya lebih difokuskan kepada kegiatan resmi kepresidenan, yaitu sebagai kantor Presiden Republik Indonesia. Dilansir situs Sekretaris Negara (Sesneg), Istana Negara awalnya sebagai kediaman pribadi warga Belanda, J.A Van Braam."",Budaya,Jakarta,0,46,,""{'lat': -6.168069000000001, 'lng': 106.8239727}"",-6168069,1068239727,Jakarta Pusat,0,Sunny,0";
"39,Museum Macan (Modern and Contemporary Art in Nusantara),""Museum Seni Modern dan Kontemporer di Nusantara atau Museum MACAN adalah sebuah museum seni di Kebon Jeruk di Jakarta, Indonesia. Museum ini merupakan yang pertama di Indonesia yang memiliki koleksi seni modern dan kontemporer Indonesia dan internasional."",Budaya,Jakarta,100000,45,120,""{'lat': -6.190942, 'lng': 106.767622}"",-6190942,106767622,Jakarta Barat,1,Rain,0";
"40,Galeri Nasional Indonesia,""Galeri Nasional Indonesia (bahasa Inggris: National Gallery of Indonesia) adalah sebuah lembaga budaya negara atau sebagai museum seni rupa modern dan kontemporer. Di sini terdapat gedung yang berfungsi antara lain sebagai tempat pameran, dan perhelatan seni rupa Indonesia dan mancanegara. Gedung ini merupakan institusi milik pemerintah di bawah Menteri Pendidikan dan Kebudayaan. Fungsi Galeri Nasional Indonesia adalah melaksanakan pengkajian, pengumpulan, registrasi, perawatan, pengamanan, pameran, kemitraan, layanan edukasi dan publikasi karya seni rupa. Lalu fungsi utamanya adalah melindungi, pengembangan, dan pemanfaatan asset kesenian (seni rupa) sebagai fasilitas pendidikan dan kebudayaan. Galeri Nasional beralamat di Jalan Medan Merdeka Timur No. 14 Jakarta Pusat."",Budaya,Jakarta,0,46,,{'lat': -6.178548200000001, 'lng': 106.8327716}"",-61785482,1068327716,Jakarta Pusat,0,Rain,0";
"41,Museum Bahari Jakarta,Museum Bahari adalah museum yang menyimpan koleksi yang berhubungan dengan kebaharian dan kenelayanan bangsa Indonesia dari Sabang hingga Merauke yang berlokasi di seberang Pelabuhan Sunda Kelapa. Museum adalah salah satu dari delapan museum yang berada di bawah pengawasan dari Dinas Kebudayaan Permuseuman Provinsi Daerah Khusus Ibu kota Jakarta.,Budaya,Jakarta,2000,44,120,""{'lat': -6.1269553, 'lng': 106.8085899}"",-61269553,1068085899,Jakarta Utara,0,Rain,0";
"42,Museum Seni Rupa dan Kramik,""Museum Seni Rupa dan Keramik (Indonesia: Museum Seni Rupa dan Keramik) adalah sebuah museum di Jakarta, Indonesia. Museum ini didedikasikan khusus untuk menampilkan seni rupa tradisional dan keramik Indonesia. Museum ini terletak di sisi timur Lapangan Fatahillah, dekat Museum Sejarah Jakarta dan Museum Wayang."",Budaya,Jakarta,5000,44,,""{'lat': -6.1342598, 'lng': 106.814552}"",-61342598,106814552,Jakarta Barat,0,Rain,0";
"43,The Escape Hunt,""Escape Hunt adalah salah satu tempat rekreasi yang lokasinya terletak di Jakarta Selatan. Di tempat ini, kamu akan berperan sebagai seorang detektif yang berada di sebuah ruangan terkunci dan hanya diberikan waktu 1 jam untuk memecahkan teka-teki yang ada. Tidak perlu khawatir atau takut sendirian, karena di sini kamu bisa mengajak hingga 4 temanmu dalam satu ruangan yang sama dan memecahkan kasus bersama-sama. Menarik sekali, bukan? Pertama kali datang di tempat ini, kamu akan dituntun untuk mengisi data di formulir yang telah disediakan dan diberikan briefing oleh pemandu game mengenai jalan cerita tema/kasus yang sudah kamu tentukan."",Taman Hiburan,Jakarta,70000,44,120,""{'lat': -6.2555033, 'lng': 106.8122591}"",-62555033,1068122591,Jakarta Selatan,1,Rain,0";
"44,Monumen Selamat Datang,""Monumen Selamat Datang adalah sebuah monumen yang terletak di tengah Bundaran Hotel Indonesia, Jakarta, Indonesia. Monumen ini berupa patung sepasang manusia yang sedang menggenggam bunga dan melambaikan tangan. Patung tersebut menghadap ke utara yang berarti mereka menyambut orang-orang yang datang dari arah Monumen Nasional."",Budaya,Jakarta,0,47,15,{'lat': -6.194997799999999, 'lng': 106.8230496}"",-61949978,1068230496,Jakarta Pusat,0,Sunny,0";
"45,Jakarta Aquarium dan Safari,""Jika telah mengunjungi Seaworld Ancol, mungkin sudah tidak asing lagi dengan serunya menyaksikan biota laut. Jika belum puas, pengunjung dapat mencoba mengunjungi wisata satwa laut unik di Jakarta Aquarium. Jakarta Aquarium menempati areal seluas ±7000 m2 ini menawarkan atraksi wisata laut modern yang tidak hanya menghibur, juga edukatif. Meskipun tidak seluas SeaWorld Ancol, taman rekreasi ini juga menawarkan wahana dan atraksi yang tak kalah menariknya."",Taman Hiburan,Jakarta,185000,46,,""{'lat': -6.1752647, 'lng': 106.7904684}"",-61752647,1067904684,Jakarta Selatan,1,Rain,0";
"46,Pulau Semak Daun,""Pulau Semak Daun merupakan salah satu pulau yang terletak digugusan kepulauan Seribu. Secara administratif pulau ini termasuk dalam wilayah kabupaten Kepulauan Seribu provinsi DKI Jakarta sebagai daerah penangkaran penyu sisik dengan pantai yang nyaman untuk berenang karena pantainya yang bersih dan landai, berpasir putih, dan bebas bulu babi, terdapat pula daerah yang bagus untuk menyelam dan snorkeling pemula dan letaknya tidak jauh dari pulau Pramuka."",Bahari,Jakarta,40000,4,,""{'lat': -5.729671599999999, 'lng': 106.5714158}"",-57296716,1065714158,Kepulauan Seribu,0,Sunny,1";
"47,Taman Situ Lembang,""Taman Situ Lembang adalah sebuah taman kota yang terletak di pusat Jakarta. Situ berarti danau yang payau, sedangkan Lembang adalah nama jalan yang berada di dekat taman tersebut..\nTaman ini merupakan salah satu taman tertua di Jakarta dan memiliki danau kecil yang airnya berasal dari sumber air alam. Di taman ini terletak fasilitas arena pemancingan, trek lari, dan arena permainan anak. Taman Situ Lembang dikelilingi oleh rumah-rumah di kawasan elite Menteng"",Taman Hiburan,Jakarta,0,45,,""{'lat': -6.1978861, 'lng': 106.8346708}"",-61978861,1068346708,Jakarta Barat,0,Sunny,0";
"48,Taman Ismail Marzuki,""Pusat Kesenian Jakarta Taman Ismail Marzuki yang populer disebut Taman Ismail Marzuki (TIM) merupakan sebuah pusat kesenian dan kebudayaan yang berlokasi di jalan Cikini Raya 73, Jakarta Pusat. Di sini terletak Institut Kesenian Jakarta dan Planetarium Jakarta. Selain itu, TIM juga memiliki enam teater modern, balai pameran, galeri, gedung arsip, dan bioskop. Acara-acara seni dan budaya dipertunjukkan secara rutin di pusat kesenian ini, termasuk pementasan drama, tari, wayang, musik, pembacaan puisi, pameran lukisan dan pertunjukan film. Berbagai jenis kesenian tradisional dan kontemporer, baik yang merupakan tradisi asli Indonesia maupun dari luar negeri juga dapat ditemukan di tempat ini. Nama pusat kesenian ini berasal dari nama pencipta lagu terkenal Indonesia, Ismail Marzuki."",Budaya,Jakarta,5000,46,,""{'lat': -6.1891586, 'lng': 106.8397738}"",-61891586,1068397738,Jakarta Pusat,0,Sunny,0";
"49,Galeri Indonesia Kaya,""Galeri Indonesia Kaya (disingkat GIK) adalah ruang publik yang memadukan konsep edukasi dan digital dengan tujuan untuk memperkenalkan dan mengapresiasi seni-budaya Indonesia khususnya kepada generasi muda, yang bertempat di Grand Indonesia, Jakarta, Indonesia. Galeri Indonesia Kaya digagas dan dibangun untuk menjadi ruang edutainment budaya berbasis teknologi digital yang dapat mendekatkan dan menyalurkan kreativitas berekspresi generasi muda dalam lingkup tradisi budaya nusantara. Tempat ini memiliki auditorium yang dapat digunakan untuk masyarakat yang membutuhkan tempat berkarya."",Budaya,Jakarta,0,48,90,""{'lat': -6.1948499, 'lng': 106.8200607}"",-61948499,1068200607,Jakarta Pusat,0,Rain,0";
"50,Museum Joang 45,""Gedung Joang '45 atau Museum Joang 45 adalah salah satu museum yang berada di Jakarta. Saat ini pengelolaannya dilaksanakan oleh Dinas Pariwisata dan Kebudayaan Provinsi DKI Jakarta. Museum ini terletak di Jalan Menteng Raya 31, Kelurahan Kebon Sirih, Kecamatan Menteng, Jakarta Pusat. Museum ini diresmikan pada tahun 1974 oleh Presiden Soeharto, setelah dilakukan renovasi."",Budaya,Jakarta,2000,4,,""{'lat': -6.186183799999998, 'lng': 106.8364761}"",-61861838,1068364761,Jakarta Pusat,0,Rain,1";
"51,Jakarta Planetarium,""Planetarium dan Observatorium Jakarta adalah satu dari tiga wahana simulasi langit di Indonesia selain di Kutai, Kalimantan Timur, dan Surabaya, Jawa Timur. Planetarium tertua ini letaknya di Taman Ismail Marzuki, Jakarta. Planetarium Jakarta merupakan sarana wisata pendidikan yang dapat menyajikan pertunjukan / peragaan simulasi perbintangan atau benda-benda langit. Pengunjung diajak mengembara di jagat raya untuk memahami konsepsi tentang alam semesta melalui acara demi acara. Planetarium Jakarta berdiri tahun 1964 diprakarsai Presiden Soekarno dan diserahkan ke Pemerintah Provinsi DKI Jakarta pada 1969. Di tempat ini juga tersedia ruang pameran benda- benda angkasa yang menyuguhkan berbagai foto serta keterangan lengkap dari berbagai bentuk galaksi, teori-teori pembentukan galaksi disertai pengenalan tokoh-tokoh di balik munculnya teori."",Taman Hiburan,Jakarta,12000,41,120,""{'lat': -6.190081899999999, 'lng': 106.8388532}"",-61900819,1068388532,Jakarta Pusat,0,Rain,1";
"52,Kampung Cina,""KAMPUNG China adalah hunian dan kawasan perdagangan di Cibubur, Jakarta Timur. Wilayah ini berdiri berkat kerja sama antara Pemerintah Kota Jakarta Timur dengan perusahaan asing untuk menyulap area 300 hektare kawasan wisata Cibubur menjadi kota wisata, mandiri dan town center. Mengutip buku Ensiklopedia Jakarta, kampung itu mulai beroperasi pada tanggal 14 September 2002. Bangunan, nuansa alam, sampai pernak-pernik yang dijual masih berbau kesenian China. Semua produk yang dijajahkan pun berasal dari negeri tirai bambu tersebut. Wilayah itu akan menjadi tujuan wisata pada setiap perayaan hari raya Imlek."",Budaya,Jakarta,15000,45,,{'lat': -6.3651357, 'lng': 106.7617984}"",-63651357,1067617984,Bogor,0,Sunny,0";
"53,Rumah Sipitung,""Rumah Si Pitung di Marunda, Jakarta Utara, Indonesia, merupakan satu dari sedikit rumah panggung Betawi yang tersisa. Rumah panggung ini merupakan representasi hunian panggung masyarakat Betawi yang tinggal di wilayah-wilayah Pesisir. Rumah ini menjadi museum dan masuk dalam cagar budaya. Tidak diketahui kapan persisnya Rumah Si Pitung didirikan. Diperkirakan bangunan tersebut dibangun pada abad ke-20. Rumah panggung yang sering juga disebut Rumah Tinggi Marunda ini mirip dengan rumah tradisional Suku Bugis. Rumah ini tadinya milik Haji Saipudin, seorang saudagar kaya bandar ikan asal Makassar (sumber lain mengatakan Haji Saipudin adalah juragan sero, atau konglomerat kapal). Haji Saipuddin diyakini merupakan sahabat erat Si Pitung. Pitung ditengarai hanya beberapa kali singgah di rumah itu (diperkirakan pada dasawarsa 1890-an). Singgahnya Si Pitung terakhir kali adalah dalam rangka bersembunyi dari kejaran tentara Belanda dengan tuduhan merampok. Pemerintah DKI Jakarta pertama kali memugar rumah panggung yang ditopang oleh 40 buah tiang itu pada tahun 1972. Sebelumnya pada tahun yang sama bangunan ini dibeli oleh Pemprov DKI Jakarta dari keturunan (ahli waris) H. Saipudin. Bangunan tersebut kini menjadi museum dan masuk dalam cagar budaya berdasarkan SK Gubernur No.475 tahun 1993 dan SK Menteri No.140/M/1998. Lembaga yang memberi nama rumah asli Betawi Pesisir ini sebagai rumah Si Pitung adalah Museum Nasional."",Budaya,Jakarta,5000,45,90,""{'lat': -6.10016, 'lng': 106.96057}"",-610016,10696057,Jakarta Utara,0,Sunny,0";
"54,Taman Agrowisata Cilangkap,""Taman seluas sekitar 19 hektar ini dimiliki oleh pemerintah Provinsi (Pemprov) DKI Jakarta yang dikelola oleh Dinas Pertanian dan Kehutanan DKI. Taman Wisata Agro Cilangkap ini terletak di Jalan Raya Cilangkap No.45, Jakarta Timur. Taman ini terasa begitu permai dengan tumbuhnya aneka jenis pepohonan rindang. Kesejukan udara yang jauh dari polusi asap kendaraan bermotor, juga dapat dinikmati di taman yang dijadikan alternatif destinasi wisata bagi warga berdomisili di sekitar kawasan tersebut. Taman Wisata Agro Cilangkap juga dilengkapi dengan beberapa fasilitas seperti arena olahraga, jogging track, arena bermain anak, serta bagi sobat Ayojakarta yang memiliki hobi memancing, di sekitar area taman memiliki danau yang biasanya dijadikan area untuk memancing."",Taman Hiburan,Jakarta,0,42,,""{'lat': -6.340151399999999, 'lng': 106.9012561}"",-63401514,1069012561,Jakarta Timur,0,Sunny,1";
"55,Klenteng Jin De Yuan,""Kelenteng Kim Tek Le, atau yang lebih dikenal dengan Kelenteng Jin De Yuan, sudah dibangun sejak 1650. Kelenteng yang disebut-sebut sebagai yang tertua di Jakarta ini didirikan oleh seorang Letnan Tionghoa, Kwee Hoen dan awalnya dinamakan Koan Im Teng. Jin De Yuan juga dikenal sebagai salah satu dari empat kelenteng besar yang dikelola oleh Kong Koan atau Dewan Tionghoa. Mereka adalah Kelenteng Goenoeng Sari, Kelenteng Toa Peh Kong, Kelenteng Jin De yuan sendiri, dan Kelenteng Hian Thian Shang di Tanah Tandjoeng yang kini sudah musnah."",Tempat Ibadah,Jakarta,0,45,,""{'lat': -6.144473700000001, 'lng': 106.8126018}"",-61444737,1068126018,Jakarta Barat,0,Sunny,0";
"56,Pantai Ancol,""Pantai Ancol merupakan kawasan wisata yang merupakan destinasi wisata pantai dalam kota Jakarta. Wisatawan dapat menikmati suasana segar Pantai Lagoon, Festival, Indah, Beach Pool dan Carnaval, serta Danau Impian. Berlibur di alam terbuka dipercaya memiliki efek menenangkan dan menyenangkan. Panjang garis pantainya yang kurang lebih 6,5 km menjadi tempat berbagai aktivitas wisata. Wisata pantai ini merupakan BUMD penghasil Pendapatan Asli Daerah kedua terbesar bagi provinsi DKI Jakarta."",Bahari,Jakarta,25000,44,,""{'lat': -6.1194215, 'lng': 106.8502435}"",-61194215,1068502435,Jakarta Utara,0,Sunny,0";
"57,Taman Lapangan Banteng,""Lapangan Banteng, dulu bernama Waterlooplein (bahasa Belanda: plein = lapangan) yaitu suatu lapangan yang terletak di Weltevreden, Batavia";" tidak jauh dari Gereja Katedral Jakarta. Pada masa itu, Lapangan Banteng dikenal dengan sebutan Lapangan Singa[1] karena di tengahnya terpancang tugu peringatan kemenangan pertempuran di Waterloo, dengan patung singa di atasnya. Pertempuran Waterloo tersebut terjadi tanggal 18 Juni 1815 di dekat kota Waterloo, yaitu sekitar 15 km ke arah selatan dari ibu kota Belgia, Brussels. Pertempuran itu merupakan pertempuran terakhir Napoleon melawan pasukan gabungan Inggris-Belanda-Jerman. Pertempuran ini juga dicatat dalam sejarah sebagai penutup dari seratus hari sejak larinya Napoleon dari pengasingannya di pulau Elba. Sedangkan Tugu Singa tersebut didirikan pada zaman pemerintahan pendudukan tentara Jepang (1942-1945). Setelah Indonesia merdeka, namanya diganti menjadi Lapangan Banteng. Terdapat kemungkinan pada zaman dahulu tempat yang kini menjadi lapangan itu dihuni berbagai macam satwa liar seperti macan, kijang, dan banteng. Pada waktu J.P. Coen membangun kota Batavia di dekat muara Ciliwung, lapangan tersebut dan sekelilingnya masih berupa hutan belantara yang sebagian berpaya–paya. Sebelah timur dijalan Lapangan banteng timur tedapat Kantor Satlantas Polres jakarta Pusat."",Taman Hiburan,Jakarta,0,47,,""{'lat': -6.170554999999999, 'lng': 106.8350378}"",-6170555,1068350378,Jakarta Pusat,0,Sunny,0"
"58,Taman Ayodya,""Taman Ayodya, yang dulu bernama Taman Barito, adalah sebuah taman kota yang berada di Jakarta Selatan. Taman ini berlokasi di atas lahan seluas 7.500 m2, dilengkapi dengan kolam buatan seluas 1.500 m2 di tengahnya.\nTaman Ayodya juga dilengkapi dengan jalur pijakan, kursi, gazebo, pendopo, kamar mandi, serta trek jogging.. Di dekat taman ini terdapat hotel dan pasar seperti Hotel Gran Mahakam, Plaza Blok M, Pasar Burung Barito, Mal Kebayoran Baru, dan Pasar Taman Puring.\nTaman ini bersebelahan dengan Taman Langsat hanya dengan menyebrang jalan raya saja."",Taman Hiburan,Jakarta,0,44,45,""{'lat': -6.245229400000001, 'lng': 106.7946655}"",-62452294,1067946655,Jakarta Selatan,0,Sunny,0";
"59,Museum Sumpah Pemuda,""Museum Sumpah Pemuda adalah sebuah museum sejarah perjuangan kemerdekaan Republik Indonesia yang berada di Jalan Kramat Raya No. 106, Jakarta Pusat dan dikelola oleh Kementerian Pendidikan dan Kebudayaan Republik Indonesia. Museum ini dibuka untuk umum, setiap hari Selasa sampai dengan Jumat dari pukul 08.00 hingga 16.00 UTC+7, setiap Sabtu dan Minggu pada pukul 08.00—16.00 WIB, dan setiap hari Senin dan hari besar nasional, museum ini ditutup untuk umum.\nMuseum ini memiliki koleksi foto dan benda-benda yang berhubungan dengan sejarah Sumpah Pemuda 1928, serta kegiatan-kegiatan dalam pergerakan nasional kepemudaan Indonesia. Museum Sumpah Pemuda ini didirikan berdasarkan SK Gubernur DKI Jakarta pada tahun 1972 dan menjadi benda cagar budaya nasional."",Budaya,Jakarta,2000,47,,{'lat': -6.183838799999999, 'lng': 106.8430507}"",-61838388,1068430507,Jakarta Pusat,0,Rain,0";
"60,Museum Tekstil,""Museum cinta Tekstil menempati gedung tua di Jalan K.S. Tubun / Kota Bambu Selatan No. 4 Kecamatan Palmerah, Jakarta Barat\n\nGedungnya sendiri pada mulanya adalah rumah pribadi seorang warga negara Prancis yang dibangun pada abad ke-19. Kemudian dibeli oleh konsul Turki bernama Abdul Azis Almussawi Al Kazimi yang menetap di Indonesia. Selanjutnya tahun 1942 dijual kepada Dr. Karel Christian Cruq.\nPada masa perjuangan kemerdekaan Indonesia, gedung ini menjadi markas Barisan Keamanan Rakyat (BKR) dan tahun 1947 didiami oleh Lie Sion Pin. Pada tahun 1952 dibeli oleh Departemen Sosial dan pada tanggal 25 Oktober 1975 diserahkan kepada Pemda DKI Jakarta yang untuk kemudian pada tanggal 28 Juni 1976 diresmikan penggunaannya oleh Ibu Tien Soeharto sebagai Museum Tekstil."",Budaya,Jakarta,5000,45,45,""{'lat': -6.187963400000002, 'lng': 106.8096081}"",-61879634,1068096081,Jakarta Barat,0,Rain,0";
"61,Tugu Proklamasi,""Tugu Proklamasi adalah tugu peringatan proklamasi kemerdekaan Republik Indonesia yang berdiri di kompleks Taman Proklamasi di Jalan Proklamasi, Jakarta Pusat. Taman tersebut berlokasi di bekas kediaman Sukarno di Jalan Pegangsaan Timur 56. Rumah tersebut, telah dihancurkan, adalah lokasi pembacaan proklamasi kemerdekaan.Pada kompleks juga terdapat monumen dua patung Sukarno-Hatta berukuran besar yang berdiri berdampingan, mirip dengan dokumentasi foto ketika naskah proklamasi pertama kali dibacakan. Di tengah-tengah dua patung proklamator terdapat patung naskah proklamasi terbuat dari lempengan batu marmer hitam, dengan susunan dan bentuk tulisan mirip dengan naskah ketikan aslinya."",Budaya,Jakarta,0,46,,""{'lat': -6.2030468, 'lng': 106.8466623}"",-62030468,1068466623,Jakarta Pusat,0,Sunny,0";
"62,Taman Legenda Keong Emas,""Taman Legenda Keong Emas merupakan salah satu tempat rekreasi favorit yang ada di kawasan Jakarta Timur. Berada di dalam lokasi Taman Mini Indonesia Indah atau TMII, Taman Legenda Keong Emas TMII juga telah menjadi ikon di dalam pusat sarana wisata terbesar di Indonesia ini. Selain sebagai sarana rekreasi untuk seluruh keluarga, Taman Legenda Keong Emas TMII juga mempunyai visi dan misi untuk mengedukasi masyarakat sekaligus melestarikan warisan kebudayaan Indonesia, salah satunya melalui legenda cerita rakyat."",Taman Hiburan,Jakarta,30000,45,,""{'lat': -6.303904200000001, 'lng': 106.8936219}"",-63039042,1068936219,Jakarta Timur,0,Sunny,0";
"63,Museum Kebangkitan Nasional,""Museum Kebangkitan Nasional (bahasa Inggris: Museum of National Awakening) adalah sebuah gedung yang dibangun sebagai monumen tempat lahir dan berkembangnya kesadaran nasional dan juga ditemukannya organisasi pergerakan modern pertama kali dengan nama Boedi Oetomo. Sebelum menjadi museum, bangunan ini dahulunya adalah sekolah kedokteran yang didirikan oleh Belanda dengan nama School tot Opleiding van Inlandsche Artsen disingkat STOVIA atau Sekolah Dokter Bumiputra. Dalam perjalanannya, gedung tersebut selalu beralih fungsi. Lokasi museum ini tidak jauh dari Pasar Senen, tepatnya di Jalan Abdurrahman Saleh No.26, sebelum RSPAD Gatot Subroto, Jakarta Pusat."",Budaya,Jakarta,2000,47,45,""{'lat': -6.178352, 'lng': 106.838094}"",-6178352,106838094,Jakarta Pusat,0,Rain,0";
"64,Museum Sasmita Loka Ahmad Yani,""Museum Sasmita Loka Ahmad Yani adalah salah satu museum pahlawan nasional yang terletak di jalan Lembang No. 58 dan jalan Laruharhari No. 65, Jakarta Pusat, DKI Jakarta, Indonesia. Museum ini terbuka untuk umum dari hari Selasa hingga hari Minggu, dari pukul 08:00 hingga pukul 14:00 WIB. Setiap hari Senin museum ini ditutup untuk umum."",Budaya,Jakarta,2000,47,45,""{'lat': -6.204630300000001, 'lng': 106.8365324}"",-62046303,1068365324,Jakarta Pusat,0,Rain,0";
"65,Museum Basoeki Abdullah,""Museum Basoeki Abdullah berisi lukisan dan koleksi pribadi Basoeki Abdullah seperti patung, topeng, wayang dan senjata. Museum yang terletak di Jakarta Selatan ini dikelola oleh Kementerian Pendidikan dan Kebudayaan. Selain digunakan untuk pameran, museum ini juga digunakan untuk menggelar seminar, penelitian, lokakarya serta menerbitkan bermacam bentuk publikasi berupa katalog, biografi, kumpulan artikel dan hasil penelitian."",Budaya,Jakarta,1000,46,90,{'lat': -6.289788499999998, 'lng': 106.7932681}"",-62897885,1067932681,Jakarta Selatan,0,Rain,0";
"66,Museum Layang-layang,""Museum Layang-Layang adalah sebuah museum yang terletak di Jl. H. Kamang No. 38, Pondok Labu, Jakarta Selatan. Museum ini merupakan museum layang-layang pertama di Indonesia. Jumlah koleksi layang-layang di museum ini berjumlah 600, tetapi jumlah tersebut terus bertambah seiring datangnya koleksi-koleksi baru dari para pelayang daerah dan luar negeri maupun layang-layang yang dibuat sendiri oleh karyawan museum. Museum Layang-Layang buka setiap hari mulai pukul 09.00-16.00 WIB. Hari libur nasional Museum Layang-layang tutup."",Budaya,Jakarta,10000,45,90,""{'lat': -6.3080282, 'lng': 106.790548}"",-63080282,106790548,Jakarta Selatan,0,Rain,0";
"67,Margasatwa Muara Angke,""Suaka margasatwa Muara Angke adalah sebuah kawasan konservasi berdasarkan SK Menteri Kehutanan RI Nomor: 097/Kpts-II/1988, 29 Februari 1998 di wilayah hutan bakau di pesisir utara Jakarta. Secara administratif, kawasan ini termasuk wilayah Kelurahan Kapuk Muara, Kecamatan Penjaringan, Kotamadya Jakarta Utara."",Cagar Alam,Jakarta,25000,42,15,""{'lat': -6.1160075, 'lng': 106.7692016}"",-61160075,1067692016,Jakarta Utara,0,Sunny,1";
"68,Pasar Petak Sembilan,""Pecinan Glodok, tepatnya di Pasar Petak Sembilan, Jakarta Barat merupakan salah satu tempat yang menjual berbagai macam kuliner khas China. Kawasan yang sebagaian besar dihuni oleh orang Tionghoa ini terkenal dengan kuliner khas China yang banyak dijajakan oleh para warga. Mulai dari kue keranjang, kue dodol, hingga kue lapis banyak dijajakan di sini. Dengan harga mulai dari Rp 30 ribu hingga Rp 100 ribu, ketiga jenis kue ini menjadi kue yang paling sering dibeli untuk melengkapi perayaan Imlek. Menurut sumber dari penjual, mereka mengaku bahwa kue yang dijajakan didatangkan langsung dari berbagai daerah. Karena berasal dari wilayah yang berbeda, kue-kue ini memilliki ciri khas tersendiri."",Pusat Perbelanjaan,Jakarta,0,44,45,""{'lat': -6.143672200000001, 'lng': 106.8129398}"",-61436722,1068129398,Jakarta Barat,0,Sunny,0";
"69,Freedom Library,""Freedom Library adalah perpustakaan buku yang dibuka umum. Memiliki puluhan ribu koleksi buku yang disusun di rak dan sesuai dengan tema, sehingga mempermudah untuk mencari buku yang diinginkan. Dengan desain ruangan yang modern serta suasana yang tenang membuat pembaca akan betah berlama-lama disini.  Cukup dengan mendaftar menjadi member terlebih dahulu dan tidak dikenakan biaya (Gratis) kalian bisa membaca buku diperpustakaan ini."",Budaya,Jakarta,0,5,,{'lat': -6.202248200000001, 'lng': 106.8451968}"",-62022482,1068451968,Jakarta Selatan,0,Rain,0";
"70,Perpustakaan Nasional,""Perpustakaan Nasional adalah perpustakaan yang secara khusus didirikan oleh Pemerintah Negara demi menyimpan informasi negara tersebut. Berbeda dengan perpustakaan umum, sangatlah jarang khalayak ramai diperbolehkan meminjam buku. Seringkali sebuah perpustakaan nasional menyimpan koleksi langka dan bersejarah.\nBeberapa perpustakaan awal bisa disebut perpustakaan nasional, seperti Perpustakaan Alexandria yang merupakan Perpustakaan Mesir Kuno. Perpustakaan nasional sering kali berukuran sangat besar dan luas apalagi jika diperbandingkan dengan perpustakaan biasa lainnya di negaranya. Beberapa negara yang tidak independen, tetapi tetap berkeinginan melestarikan budaya khusus mereka umumnya mendirikan sebuah perpustakaan nasional dengan segala atribut kelembagaan tersebut deposito hukum.\nBanyak perpustakaan nasional yang bekerja sama dengan Federasi Internasional dari Asosiasi dan Institusi Perpustakaan (bahasa Inggris: International Federation of Library Associations and Institutions (IFLA)) guna membagas tugas umum, menetapkan, dan mempromosikan standar umum serta pelaksanaan proyek untuk membantu memenuhi tugas mereka. Perpustakaan nasional di Eropa berpartisipasi dalam Perpustakaan Eropa. Ini merupakan pelayanan dari Konferensi Pustakawan Nasional Eropa (bahasa Inggris: Conference of European National Librarians (CENL)).\nSalah satu rencana pertama dari sebuah perpustakaan nasional yang dirancang oleh matematikawan, John Dee, pada tahun 1556 yang diperlihatkan pada Mary I dari Inggris dengan rencana yang visioner untuk pelestarian buku-buku lama, manuskrip, dan catatan dan pendirian perpustakaan nasional, tetapi proposal tersebut tidak disetujui."",Budaya,Jakarta,0,47,240,""{'lat': -6.181291799999999, 'lng': 106.8268717}"",-61812918,1068268717,Jakarta Pusat,0,Rain,0";
"71,Cibubur Garden Diary (Cibugary),""Cibubur Garden Dairy atau biasa dikenal degan sebutan Cibugary merupakan sebuah perternakan sapi perah dan peternakan kambing yang memiliki nuansa kebun dikawasan Cibubur, sang empunya Bapak Rachmat Baghory mempunyai inisiatif untuk menjadikan tempat tersebut sebagai wisata agro edukatif terutama untuk anak-anak."",Cagar Alam,Jakarta,50000,45,,""{'lat': -6.379996900000001, 'lng': 106.8949793}"",-63799969,1068949793,Jakarta Timur,0,Rain,0";
"72,Waterboom PIK (Pantai Indah Kapuk),""Waterbom Jakarta merupakan sebuah wahana permainan air yang cukup populer di kawasan Pantai Indah Kapuk (PIK), Jakarta Utara. Harga tiket masuk Waterboom PIK tidak terlalu menguras kantong, hanya Rp 100 ribu per orang saat weekday atau Rp 200 ribu saat weekend. Waterboom PIK menjadi objek wisata favorit saat liburan karena menawarkan fasilitas memadai dan memiliki wahana permainan air yang terbilang lengkap."",Taman Hiburan,Jakarta,300000,44,,""{'lat': -6.113655899999999, 'lng': 106.7478596}"",-61136559,1067478596,Jakarta Utara,1,Sunny,0";
"73,Museum Perangko,Museum perangko dibangun dengan bentuk bangunan bergaya Jawa Bali di atas lahan seluas 9.590 m2 dan diresmikan oleh Presiden Soeharto pada tanggal 29 September 1983. Museum ini memamerkan koleksi perangko asal Indonesia dan luar negeri. Adapula sepeda pos antik merk Falter buatan Jerman Barat tahun 1950 diletakkan di serambi museum. Halaman depan ada bola dunia dengan merpati yang membawa sebuah surat yang melambangkan bahwa tugas Perum Pos dan Giro menjangkau seluruh dunia.,Budaya,Jakarta,5000,44,,""{'lat': -6.304184100000001, 'lng': 106.9017725}"",-63041841,1069017725,Jakarta Timur,0,Rain,0";
"74,Museum Tengah Kebun,""Museum di Tengah Kebun adalah sebuah museum penyimpanan ± 4.000 koleksi seni dan sejarah Indonesia dan luar negeri yang berlokasi di daerah Kemang, Jakarta Selatan. Museum ini dibangun di tengah kebun seluas 3.500 m2. Museum ini dimiliki secara pribadi oleh Sjahrial Djalil, salah satu tokoh periklanan modern Indonesia dan pendiri biro iklan Ad Force Inc. Pada tahun 2013, museum ini terpilih sebagai Museum Swasta Terbaik di Museum Awards dengan koleksi dari 63 negara dan 26 provinsi di Indonesia.[2] Hal yang membuat museum ini berbeda dari museum lainnya adalah penataan sebanyak 2.414 koleksi yang dipamerkan kepada pengunjung diletakkan tidak beraturan di berbagai sudut ruangan, seperti lantai, tangah taman, toilet, dinding luar rumah, dan lain sebagainya."",Budaya,Jakarta,0,46,120,""{'lat': -6.267513, 'lng': 106.824107}"",-6267513,106824107,Jakarta Selatan,0,Sunny,0";
"75,SnowBay Waterpark,""Waterpark yang menghadirkan wahana imajinatif berkonsep pegunungan bersalju. Tidak ketinggalan dengan atraksi air terbaik yang sangat menyenangkan. Dengan luas sekitar 3 hektar, tempat wisata ini menyediakan wahana – wahana permainan air terbaik. Tak salah jika water park ini diminati dan dipadati oleh pengunjung terutama saat musim liburan datang. Pengunjung dapat menikmati keseruan berbagai atraksi air dengan pemandangan artistik yang menutupi 70% kawasan dengan salju. Pengunjung dapat merasakan rasa lelah dan penat berkurang hanya dengan menyaksikan suasana salju eksotik ini. Pengunjung akan disambut dengan rekreasi air berkelas dunia dengan konsep petualangan yang akan membuat terkesima. Menyuguhkan berbagai aktivitas seru yang dapat dinikmati oleh seluruh keluarga dari segala umur. Tidak hanya permainan air, terdapat juga wahana yang menantang adrenalin, cocok bagi yang ingin melepas stres."",Taman Hiburan,Jakarta,180000,43,,""{'lat': -6.299271800000001, 'lng': 106.89151}"",-62992718,10689151,Jakarta Timur,1,Sunny,0";
"76,Taman Cattleya,""Kehadiran Taman Cattleya tentu saja sangat bermanfaat bagi masyarakat Ibu Kota, ditengah situasi penatnya kemacetan, tumpukkan pekerjaan, serta polusi yang menjadi ancaman bagi kota-kota besar. Lokasi Taman Cattleya sangat strategis bagi mereka anda yang sedang bingung mencari tempat yang pas di akhir pekan. Lokasi Taman Cattleya berada di dekat pusat perbelanjaan yang sangat terkenal, yaitu Mall Taman Anggrek."",Taman Hiburan,Jakarta,20000,45,,""{'lat': -6.181084299999999, 'lng': 106.7954476}"",-61810843,1067954476,Jakarta Barat,0,Sunny,0";
"77,Taman Hutan Tebet,""Taman Tebet dibangun tahun 1960, taman ini sempat tertunda di tahun 1970 dan jadi pemukiman liar sampai tahun 2006. Dahulu, namanya Taman Honda. Bukan tanpa alasan, dinamakan demikian karena restorasi taman ini dilakukan atas kerjasama PT Honda Prospect Motor dan Pemerintah Provinsi DKI Jakarta. Taman seluas 1.800 m2 yang diresmikan oleh gubernur DKI Jakarta (waktu itu) Fauzi Bowo tanggal 28 Juli 2010. Merupakan ruang terbuka hijau yang dapat dimanfaatkan warga Jakarta untuk beraktivitas. Berada di antara jalan Tebet Barat Raya dan jalan Tebet Timur Raya Kecamatan Tebet, Kotamadya Jakarta Selatan. Kawasan taman memiliki anak sungai yang mengalir dari arah Pasarminggu menuju ke Manggarai. Taman Tebet juga dilengkapi dengan sejumlah fasilitas, seperti arena bermain untuk anak dan tempat berolahraga. Untuk arena olahraga sendiri, ada bulu tangkis dan jogging track. Taman yang dirawat oleh petugas ini juga menyediakan musala, kamar mandi, gazebo, dan fasilitas terapi refleksi."",Taman Hiburan,Jakarta,0,44,60,""{'lat': -6.237140900000001, 'lng': 106.8526505}"",-62371409,1068526505,Jakarta Selatan,0,Sunny,0";
"78,Hutan Kota Srengseng,""Selain Taman Hutan Mangrove dan Pantai Indah Kapuk, salah satu taman yang sudah cukup terkenal lama bisa dijumpai di sekitar Universitas Indonesia Depok, letaknya di pinggiran Jakarta, namanya Hutan Kota Srengseng. Sesuai namanya, kawasan wisata ini terletak di daerah Srengseng Kembangan Jakbar, letaknya dekat dengan daerah Kemayoran, Kebon Jeruk serta Rawa Buaya. Hutan Srengseng ini menjadi salah satu kawasan alam hijua yang bisa dijumpai di Daerah Khusus Ibukota Jakarta. Namun perlu diketahui bukan Srengseng Sawah ya, itu sudah berbeda. Kehadiran Taman Kota ini memberikan peran penting di sektor alam Jakarta yang tengah mengalami perkembangan cukup pesat."",Taman Hiburan,Jakarta,1000,43,,""{'lat': -6.210694499999999, 'lng': 106.7643954}"",-62106945,1067643954,Jakarta Barat,0,Sunny,0";
"79,Taman Spathodea,""Objek Wisata Taman Spathodea di Jagakarsa DKI Jakarta Selatan Jakarta adalah salah satu tempat wisata yang berada di Jl. Kebagusan Raya, Kecamatan Jagakarsa, Kota Jakarta Selatan, Daerah Khusus Ibukota Jakarta, Indonesia. Objek Wisata Taman Spathodea di Jagakarsa DKI Jakarta Selatan Jakarta adalah tempat wisata yang ramai dengan wisatawan pada hari biasa maupun saat liburan. Yang menjadi daya tarik Taman Spathodea memiliki banyak jenis tanaman yang ditanam baik pepohonan dan bunga-bunga yang menghiasi area taman. Ada danau kecil yang berada ditengah taman akan membuat nyaman pengunjung. Banyak Fasilitas umum juga tersedia di Taman Spathodea seperti misalnya lintasan jogging, kolam ikan, outdoor gym, taman bermain untuk anak-anak, toilet, parkiran yang cukup luas dan tempat duduk yang cukup nyaman. Taman Spathodea ini hanya buka mulai pukul 05.00 – 18.00 WIB jadi kalo sudah mulai malam taman ini akan ditutup untuk umum."",Taman Hiburan,Jakarta,0,46,30,""{'lat': -6.3226133, 'lng': 106.8241871}"",-63226133,1068241871,Jakarta Selatan,0,Sunny,0";
"80,Plaza Indonesia,""Plaza Indonesia diresmikan pada awal tahun 1990, terdiri dari empat lantai pertokoan kelas atas dengan luas 38.050 m2. Pusat perbelanjaan ini terletak di Bundaran Hotel Indonesia, tepatnya pada perantara jalan M.H. Thamrin dan jalan Kebon Kacang Raya di kawasan bisnis utama Jakarta.\nPlaza Indonesia juga dilengkapi dengan hotel Grand Hyatt Jakarta, sebuah hotel bintang lima berlantai 28 yang resmi dibuka juga pada awal tahun 1990. Hotel ini memiliki lebih dari 300 kamar dengan desain modern minimalis, restoran-restoran eksklusif, dan fasilitas yang sangat lengkap.\nPengembangan Plaza Indonesia berlanjut ketika Entertainment X'nter dibuka disebelah gedung yang ada dengan membidik pangsa pasar anak muda. Kedua gedung disambung dengan sebuah jembatan yang dikelilingi toko-toko.\nKini, Plaza Indonesia telah dilengkapi dengan gedung perkantoran The Plaza Office Tower dan apartement The Keraton Grand Hyatt Residences.\nPlaza Indonesia dikembangkan oleh PT Global Land Development Tbk (sebelumnya bernama PT Kridaperdana Indahgraha Tbk)."",Pusat Perbelanjaan,Jakarta,0,47,120,""{'lat': -6.193925900000002, 'lng': 106.8222158}"",-61939259,1068222158,Jakarta Pusat,0,Rain,0";
"81,Mall Thamrin City,""Thamrin City atau Thamrin City Mall merupakan pusat perbelanjaan besar yang berada di Jakarta Pusat, yang lokasinya terletak ± 150 meter dari bundaran Hotel Indonesia dan ± 300 meter dari Pasar Tanah Abang, yang tepatnya berada di Jl. Thamrin Boulevard (d/h Kebon Kacang Raya) dengan akses berbagai arah antara lain dari Jl. Thamrin, Jl. Teluk Betung, maupun dari Jl. KH. Mas Mansyur"",Pusat Perbelanjaan,Jakarta,0,44,60,""{'lat': -6.1946096, 'lng': 106.817905}"",-61946096,106817905,Jakarta Pusat,0,Rain,0";
"82,Museum Satria Mandala,""Museum Satria Mandala adalah museum sejarah perjuangan Tentara Nasional Indonesia yang terletak di Jalan Gatot Subroto, Jakarta Selatan. Museum yang diresmikan pada tahun 1972 oleh mantan Presiden Indonesia, Soeharto ini awalnya adalah rumah dari salah satu istri mantan Presiden Indonesia, Soekarno, yaitu istrinya yang bernama Ratna Sari Dewi Soekarno. Dalam museum ini dapat ditemui berbagai koleksi peralatan perang di Indonesia, dari masa lampau hingga modern seperti koleksi ranjau, rudal, torpedo, tank, meriam bahkan helikopter dan pesawat terbang (satu di antaranya adalah pesawat Cureng yang pernah diterbangkan oleh Marsekal Udara Agustinus Adisucipto).\nSelain itu museum ini juga menyimpan berbagai macam benda bersejarah yang berkaitan dengan TNI seperti aneka senjata berat maupun ringan, atribut ketentaraan, panji-panji dan lambang-lambang di lingkungan TNI. Selain itu di museum ini dipamerkan juga tandu yang dipergunakan untuk mengusung Panglima Besar Jenderal Soedirman saat dia bergerilya dalam keadaan sakit melawan pendudukan kembali Belanda pada era 1940-an.\nMasih dalam kompleks Museum TNI Satriamandala ini terdapat juga Museum Waspada Purbawisesa yang menampilkan diorama ketika TNI bersama-sama dengan rakyat menumpas gerombolan separatis DI/TII di Jawa Barat, Jawa Tengah, Aceh, Kalimantan Selatan dan Sulawesi Selatan pada era tahun 1960-an. Fasilitas lainnya yang ada di Museum TNI Satriamandala ini antara lain adalah Taman Bacaan Anak, Kios Cenderamata, Kantin serta Gedung Serbaguna yang berkapasitas 600 kursi."",Budaya,Jakarta,5000,45,150,""{'lat': -6.231698499999999, 'lng': 106.8185425}"",-62316985,1068185425,Jakarta Selatan,0,Sunny,0";
"83,Alive Museum Ancol,""Museum kini tidak hanya menawarkan benda – benda yang bernilai sejarah dan edukatif. Tapi telah disulap menjadi wahana rekreasi seru dengan objek foto yang berbeda. Seperti Alive Museum yang ada di Ancol. Alive Museum menampilkan berbagai seni rupa berupa lukisan 3 dimensi. Dimana pengunjung dapat berfoto dengan latar belakang yang nyata meski hanya dari foto. Dan karena 3 dimensi, tentu foto akan terlihat nyata dengan objeknya."",Taman Hiburan,Jakarta,200000,43,150,""{'lat': -6.117534399999999, 'lng': 106.857313}"",-61175344,106857313,Jakarta Utara,1,Rain,0";
"84,Samudra Ancol,""Jl. Lodan timur No.7 RW.10, RW.10, Ancol, Kec. Pademangan"",Taman Hiburan,Jakarta,6000,45,150,""{'lat': -6.117534399999999, 'lng': 106.857313}"",-61175344,106857313,Jakarta Pusat,1,Rain,0";
"85,The Wave Pondok Indah Waterpark,""Jl. Metro Pondok Indah, RT.1/RW.16, Pd. Pinang, Kec. Kby. Lama"",Taman Hiburan,Jakarta,70000,43,150,""{'lat': -6.117534399999999, 'lng': 106.857313}"",-61175344,106857313,,1,Rain,0";
"86,Bounce Street Asia Trampoline,""Jl. Artha Gading Sel. No.Kav 8, RT.18/RW.8, Klp. Gading Bar., Kec. Klp. Gading"",Taman Hiburan,Jakarta,90000,44,150,""{'lat': -6.117534399999999, 'lng': 106.857313}"",-61175344,106857313,Jakarta Utara,1,Rain,0";
"87,Ice Skating Sky Rink,""Mall, Taman Anggrek, RT.12/RW.1, Tj. Duren Sel., Kec. Grogol petamburan"",Taman Hiburan,Jakarta,200000,46,150,""{'lat': -6.117534399999999, 'lng': 106.857313}"",-61175344,106857313,Jakarta Selatan,1,Rain,0";
"88,Laser Game Indonesia,""Jl. Raya Klp. Hybrida, RT.10/RW.3, Pegangsaan Dua, Kec. Klp. Gading"",Taman Hiburan,Jakarta,150000,42,150,""{'lat': -6.117534399999999, 'lng': 106.857313}"",-61175344,106857313,Jakarta Utara,1,Rain,1";
"89,HOLEO Golf & Museum,""Jl. Cilamaya No.3, Cideng, Kecamatan Gambir"",Taman Hiburan,Jakarta,120000,47,150,""{'lat': -6.117534399999999, 'lng': 106.857313}"",-61175344,106857313,Jakarta Barat,1,Rain,0";
"90,ATV Adventure Indonesia,""Jl. Raya Setu No.5, RW.1, Setu, Kec. Cipayung"",Taman Hiburan,Jakarta,80000,45,150,""{'lat': -6.117534399999999, 'lng': 106.857313}"",-61175344,106857313,Jakarta Utara,1,Rain,0";
"91,Lippo Mall Puri,""Jl. Puri Indah Raya, RT.3/RW.2, Kembangan Sel., Kec. Kembangan"",Pusat Perbelanjaan,Jakarta,80000,47,150,""{'lat': -6.117534399999999, 'lng': 106.857313}"",-61175344,106857313,Jakarta Pusat,1,Rain,0";
"92,Sarinah Thamrin Plaza,""Jl. M.H. Thamrin No.11, RW.4, Gondangdia, Kec. Menteng"",Pusat Perbelanjaan,Jakarta,0,47,150,""{'lat': -6.117534399999999, 'lng': 106.857313}"",-61175344,106857313,Jakarta Timur,1,Rain,0";
"93,ITC Mangga Dua,""Jl. Mangga Dua Raya, RT.11/RW.5, Ancol, Kec. Pademangan"",Pusat Perbelanjaan,Jakarta,0,42,150,""{'lat': -6.117534399999999, 'lng': 106.857313}"",-61175344,106857313,Jakarta Barat,1,Rain,1";
"94,Gandaria City Mall,""Jl. Arteri Pd. Indah, RT.10/RW.6, Kby. Lama Utara, Kec. Kby. Lama"",Pusat Perbelanjaan,Jakarta,0,48,150,""{'lat': -6.117534399999999, 'lng': 106.857313}"",-61175344,106857313,Jakarta Pusat,1,Rain,0";
"95,PIK Avenue,""Jl. Pantai Indah Kapuk Boulevard, Kamal Muara, Kec. Penjaringan"",Pusat Perbelanjaan,Jakarta,0,45,150,""{'lat': -6.117534399999999, 'lng': 106.857313}"",-61175344,106857313,Jakarta Utara,1,Rain,0";
"98,Moja Museum,""Jalan Gerbang Pemuda No. 1, RT 1/RW 3, Gelora"",Taman Hiburan,Jakarta,0,47,150,""{'lat': -6.117534399999999, 'lng': 106.857313}"",-61175344,106857313,Jakarta Utara,1,Rain,0";
"99,Pantjoran PIK,""Pantai Indah Kapuk 2, Kamal Muara,"",Taman Hiburan,Jakarta,125000,46,150,""{'lat': -6.117534399999999, 'lng': 106.857313}"",-61175344,106857313,Tangerang,1,Rain,0";
